NAICS6,weight
441110,0.004541025375595964
441120,0.004541025375595964
441210,0.004541025375595964
441222,0.004541025375595964
441227,0.004694376291677264
441330,0.004694376291677264
441340,0.004694376291677264
444110,6.285510251546552e-05
444120,6.285510251546552e-05
444140,0.00021620601859677664
444180,0.00021620601859677664
444230,0.00021620601859677664
444240,0.00021620601859677664
445110,0.008432663642865042
445131,0.008586014558946342
445132,0.00015335091608129973
445230,0.008432663642865042
445240,0.008586014558946342
445250,0.008586014558946342
445291,0.008432663642865042
445292,0.008432663642865042
445298,0.008586014558946342
445320,0.008586014558946342
449110,0.00015335091608129973
449121,0.00015335091608129973
449122,0.00015335091608129973
449129,0.00015335091608129973
449210,0.00015335091608129973
455110,0.00015335091608129973
455211,0.00015335091608129973
455219,0.00015335091608129973
456110,0.0003383653557269038
456120,0.0003383653557269038
456130,0.0003383653557269038
456191,0.0003383653557269038
456199,0.0003383653557269038
457110,0.0009981065069009148
457120,0.0009981065069009148
457210,0.00015335091608129973
458110,0.0003962185488584298
458210,0.0003962185488584298
458310,0.0003962185488584298
458320,0.0003962185488584298
459110,0.00015335091608129973
459120,0.00015335091608129973
459130,0.00015335091608129973
459140,0.00015335091608129973
459210,0.00015335091608129973
459310,0.00015335091608129973
459410,0.00015335091608129973
459420,0.00015335091608129973
459510,0.00015335091608129973
459910,0.00015335091608129973
459920,0.00015335091608129973
459991,0.00015335091608129973
459999,0.00015335091608129973
493110,0.007482849792863626
493120,0.007482849792863626
493130,0.007482849792863626
493190,0.007482849792863626
521110,0.0025142742979221045
522110,0.0025142742979221045
522130,0.0025142742979221045
522180,0.0025142742979221045
522210,0.001632662408415431
522220,0.001632662408415431
522291,0.001632662408415431
522292,0.001632662408415431
522299,0.001632662408415431
522310,0.001632662408415431
522320,0.001632662408415431
522390,0.001632662408415431
523150,0.0017163191623799263
523160,0.0017163191623799263
523210,0.0017163191623799263
523910,0.0030638462443514348
523940,0.0030638462443514348
523991,0.0030638462443514348
523999,0.0030638462443514348
524113,0.0015207211146295852
524114,0.002474714252042854
524126,0.002474714252042854
524127,0.002474714252042854
524128,0.002474714252042854
524130,0.002474714252042854
524210,0.0005391789120909525
524291,0.0005391789120909525
524292,0.0005391789120909525
524298,0.0005391789120909525
525110,0.0007884475432959946
525120,0.0007884475432959946
525190,0.0007884475432959946
525910,0.0007884475432959946
525920,0.0007884475432959946
525990,0.0007884475432959946
541110,0.0029606652529261496
541120,0.0029606652529261496
541191,0.0029606652529261496
541199,0.0029606652529261496
541211,0.0017488767369289479
541213,0.0017488767369289479
541214,0.0017488767369289479
541219,0.0017488767369289479
541310,0.0016771332205921749
541320,0.0016771332205921749
541330,0.0016771332205921749
541340,0.0016771332205921749
541350,0.0016771332205921749
541360,0.0016771332205921749
541370,0.0016771332205921749
541380,0.0016771332205921749
541410,0.0004271580527812715
541420,0.0004271580527812715
541430,0.0004271580527812715
541490,0.0004271580527812715
541511,0.014181235276967971
541512,0.008691327480483738
541513,0.001248601507583125
541519,0.001248601507583125
541611,0.0021718711833924776
541612,0.0021718711833924776
541613,0.0021718711833924776
541614,0.0021718711833924776
541618,0.0021718711833924776
541620,0.0014752130093656775
541690,0.0014752130093656775
541713,0.004778740758471311
541714,0.004778740758471311
541715,0.004778740758471311
541720,0.004778740758471311
541810,0.0006649531391655437
541820,0.0006649531391655437
541830,0.0006649531391655437
541840,0.0006649531391655437
541850,0.0006649531391655437
541860,0.0006649531391655437
541870,0.0006649531391655437
541890,0.0006649531391655437
541910,0.0007960301811410817
541921,0.00012935777678832456
541922,0.00012935777678832456
541930,0.0007960301811410817
541940,0.0016392310272487593
541990,0.0007960301811410817
551111,0.005417025996504686
551112,0.005417025996504686
551114,0.005417025996504686
561110,0.0024618937616524617
561210,0.0005941799523026817
561311,0.004847941460624964
561312,0.004847941460624964
561320,0.004847941460624964
561330,0.004847941460624964
561410,0.00016296084148809378
561421,0.00016296084148809378
561422,0.00016296084148809378
561431,0.00016296084148809378
561439,0.00016296084148809378
561440,0.00016296084148809378
561450,0.00016296084148809378
561491,0.00016296084148809378
561492,0.00016296084148809378
561499,0.00016296084148809378
561510,0.0005871320660381133
561520,0.0005871320660381133
561591,0.0005871320660381133
561599,0.0005871320660381133
561910,0.0004625821242596142
561920,0.0004625821242596142
561990,0.0004625821242596142
611110,0.03557950666456336
611210,0.055367557873504565
611310,0.055367557873504565
611410,0.00027401705836314737
611420,0.00027401705836314737
611430,0.00027401705836314737
611511,0.00027401705836314737
611512,0.00027401705836314737
611513,0.00027401705836314737
611519,0.00027401705836314737
611610,0.00027401705836314737
611620,0.00027401705836314737
611630,0.00027401705836314737
611691,0.00027401705836314737
611692,0.00027401705836314737
611699,0.00027401705836314737
611710,0.00027401705836314737
621111,0.01688055492808036
621112,0.01688055492808036
621210,0.011452968211101254
621310,0.0012134859384244263
621320,0.0012134859384244263
621330,0.0012134859384244263
621340,0.0012134859384244263
621391,0.0012134859384244263
621399,0.0012134859384244263
621410,0.0045676025463517065
621420,0.0045676025463517065
621491,0.0045676025463517065
621492,0.0045676025463517065
621493,0.0045676025463517065
621498,0.0045676025463517065
621511,0.0033644348662799314
621512,0.0033644348662799314
621610,0.00598871694307548
621910,0.0013038690028882966
621991,0.0013038690028882966
621999,0.0013038690028882966
622110,0.01911385690325541
622210,0.01911385690325541
622310,0.01911385690325541
721110,0.012436131863087134
721120,0.012436131863087134
721191,0.012436131863087134
721199,0.012436131863087134
721211,0.012436131863087134
721214,0.012436131863087134
721310,0.012436131863087134
722310,0.008103310418781363
722320,0.008103310418781363
722330,0.008103310418781363
722410,0.008103310418781363
722511,0.09989483734281607
722513,0.10454699453264872
722514,0.008103310418781363
722515,0.008103310418781363
